"Pattern","Path","Line","Text"
"CRON_SECRET","C:\Users\drogh\projects\worldcup2026-hub\src\app\api\admin\data-health\route.ts","301","hasCronSecret: Boolean(process.env.CRON_SECRET),"
"SYNC_SECRET","C:\Users\drogh\projects\worldcup2026-hub\src\app\api\admin\launch-audit\route.ts","8","const expected = process.env.SYNC_SECRET;"
"SYNC_SECRET","C:\Users\drogh\projects\worldcup2026-hub\src\app\api\admin\launch-audit\route.ts","85","syncSecret: Boolean(process.env.SYNC_SECRET),"
"SYNC_SECRET","C:\Users\drogh\projects\worldcup2026-hub\src\app\api\admin\sanity\fixture-slugs\route.ts","9","const expectedSecret = process.env.SYNC_SECRET;"
"SYNC_SECRET","C:\Users\drogh\projects\worldcup2026-hub\src\app\api\admin\sync\route.ts","12","const expectedSecret = process.env.SYNC_SECRET;"
"SYNC_SECRET","C:\Users\drogh\projects\worldcup2026-hub\src\app\api\admin\sync\status\route.ts","8","const expectedSecret = process.env.SYNC_SECRET;"
"SYNC_SECRET","C:\Users\drogh\projects\worldcup2026-hub\src\app\api\health\route.ts","22","syncSecret: Boolean(process.env.SYNC_SECRET),"
"x-sync-secret","C:\Users\drogh\projects\worldcup2026-hub\src\app\api\admin\launch-audit\route.ts","12","return request.headers.get(""x-sync-secret"") === expected;"
"x-sync-secret","C:\Users\drogh\projects\worldcup2026-hub\src\app\api\admin\sanity\fixture-slugs\route.ts","10","const providedSecret = request.headers.get(""x-sync-secret"");"
"x-sync-secret","C:\Users\drogh\projects\worldcup2026-hub\src\app\api\admin\sync\route.ts","13","const providedSecret = request.headers.get(""x-sync-secret"");"
"x-sync-secret","C:\Users\drogh\projects\worldcup2026-hub\src\app\api\admin\sync\status\route.ts","9","const providedSecret = request.headers.get(""x-sync-secret"");"
"API_FOOTBALL","C:\Users\drogh\projects\worldcup2026-hub\src\app\api\admin\data-health\route.ts","299","hasApiFootballKey: Boolean(process.env.API_FOOTBALL_KEY),"
"API_FOOTBALL","C:\Users\drogh\projects\worldcup2026-hub\src\app\api\admin\data-health\route.ts","302","leagueId: process.env.API_FOOTBALL_LEAGUE_ID || ""1"","
"API_FOOTBALL","C:\Users\drogh\projects\worldcup2026-hub\src\app\api\admin\data-health\route.ts","303","season: process.env.API_FOOTBALL_SEASON || ""2026"","
"API_FOOTBALL","C:\Users\drogh\projects\worldcup2026-hub\src\app\api\admin\launch-audit\route.ts","83","apiFootballBaseUrl: Boolean(process.env.API_FOOTBALL_BASE_URL),"
"API_FOOTBALL","C:\Users\drogh\projects\worldcup2026-hub\src\app\api\admin\launch-audit\route.ts","84","apiFootballKey: Boolean(process.env.API_FOOTBALL_KEY),"
"API_FOOTBALL","C:\Users\drogh\projects\worldcup2026-hub\src\app\api\health\route.ts","16","apiFootballBaseUrl: Boolean(process.env.API_FOOTBALL_BASE_URL),"
"API_FOOTBALL","C:\Users\drogh\projects\worldcup2026-hub\src\app\api\health\route.ts","17","apiFootballKey: Boolean(process.env.API_FOOTBALL_KEY),"
"API_FOOTBALL","C:\Users\drogh\projects\worldcup2026-hub\src\app\api\health\route.ts","19","process.env.API_FOOTBALL_WORLD_CUP_LEAGUE_ID"
"API_FOOTBALL","C:\Users\drogh\projects\worldcup2026-hub\src\app\api\health\route.ts","21","apiFootballSeason: Boolean(process.env.API_FOOTBALL_SEASON),"
"fixture","C:\Users\drogh\projects\worldcup2026-hub\src\app\api\admin\data-health\route.ts","219","tableName: ""fixtures"","
"fixture","C:\Users\drogh\projects\worldcup2026-hub\src\app\api\admin\data-health\route.ts","254","tableName: ""fixture_events"","
"fixture","C:\Users\drogh\projects\worldcup2026-hub\src\app\api\admin\data-health\route.ts","259","tableName: ""fixture_lineups"","
"fixture","C:\Users\drogh\projects\worldcup2026-hub\src\app\api\admin\data-health\route.ts","264","tableName: ""fixture_statistics"","
"fixture","C:\Users\drogh\projects\worldcup2026-hub\src\app\api\admin\data-health\route.ts","290","[""fixtures"", ""teams"", ""standings"", ""tournament_rounds""].includes("
"fixture","C:\Users\drogh\projects\worldcup2026-hub\src\app\api\admin\launch-audit\route.ts","52","fixtures,"
"fixture","C:\Users\drogh\projects\worldcup2026-hub\src\app\api\admin\launch-audit\route.ts","62","countRows(""fixtures""),"
"fixture","C:\Users\drogh\projects\worldcup2026-hub\src\app\api\admin\launch-audit\route.ts","90","fixtures,"
"fixture","C:\Users\drogh\projects\worldcup2026-hub\src\app\api\admin\launch-audit\route.ts","107","!fixtures.ok,"
"fixture","C:\Users\drogh\projects\worldcup2026-hub\src\app\api\admin\sanity\fixture-slugs\route.ts","2","import { getFixtures } from ""@/lib/data/worldcup"";"
"fixture","C:\Users\drogh\projects\worldcup2026-hub\src\app\api\admin\sanity\fixture-slugs\route.ts","3","import { fixtureSlug, getFixtureIdFromSlug } from ""@/lib/worldcup/format"";"
"fixture","C:\Users\drogh\projects\worldcup2026-hub\src\app\api\admin\sanity\fixture-slugs\route.ts","32","const fixtures = await getFixtures();"
"fixture","C:\Users\drogh\projects\worldcup2026-hub\src\app\api\admin\sanity\fixture-slugs\route.ts","34","const slugRows = fixtures.map((fixture) => {"
"fixture","C:\Users\drogh\projects\worldcup2026-hub\src\app\api\admin\sanity\fixture-slugs\route.ts","35","const slug = fixtureSlug({"
"fixture","C:\Users\drogh\projects\worldcup2026-hub\src\app\api\admin\sanity\fixture-slugs\route.ts","36","api_fixture_id: fixture.api_fixture_id,"
"fixture","C:\Users\drogh\projects\worldcup2026-hub\src\app\api\admin\sanity\fixture-slugs\route.ts","37","match_date: fixture.match_date,"
"fixture","C:\Users\drogh\projects\worldcup2026-hub\src\app\api\admin\sanity\fixture-slugs\route.ts","38","home_team_name: fixture.home_team_name,"
"fixture","C:\Users\drogh\projects\worldcup2026-hub\src\app\api\admin\sanity\fixture-slugs\route.ts","39","away_team_name: fixture.away_team_name,"
"fixture","C:\Users\drogh\projects\worldcup2026-hub\src\app\api\admin\sanity\fixture-slugs\route.ts","42","const parsedFixtureId = getFixtureIdFromSlug(slug);"
"fixture","C:\Users\drogh\projects\worldcup2026-hub\src\app\api\admin\sanity\fixture-slugs\route.ts","45","api_fixture_id: fixture.api_fixture_id,"
"fixture","C:\Users\drogh\projects\worldcup2026-hub\src\app\api\admin\sanity\fixture-slugs\route.ts","47","parsedFixtureId,"
"fixture","C:\Users\drogh\projects\worldcup2026-hub\src\app\api\admin\sanity\fixture-slugs\route.ts","50","parsedFixtureId === fixture.api_fixture_id &&"
"fixture","C:\Users\drogh\projects\worldcup2026-hub\src\app\api\admin\sanity\fixture-slugs\route.ts","51","fixture.api_fixture_id > 0,"
"fixture","C:\Users\drogh\projects\worldcup2026-hub\src\app\api\admin\sanity\fixture-slugs\route.ts","52","home_team_name: fixture.home_team_name,"
"fixture","C:\Users\drogh\projects\worldcup2026-hub\src\app\api\admin\sanity\fixture-slugs\route.ts","53","away_team_name: fixture.away_team_name,"
"fixture","C:\Users\drogh\projects\worldcup2026-hub\src\app\api\admin\sanity\fixture-slugs\route.ts","54","match_date: fixture.match_date,"
"fixture","C:\Users\drogh\projects\worldcup2026-hub\src\app\api\admin\sanity\fixture-slugs\route.ts","75","fixtures: fixtures.length,"
"fixture","C:\Users\drogh\projects\worldcup2026-hub\src\app\api\admin\sync\route.ts","9","const allowedScopes: SyncScope[] = [""teams"", ""fixtures"", ""standings"", ""all""];"
"fixture","C:\Users\drogh\projects\worldcup2026-hub\src\app\api\admin\sync\status\route.ts","49","fixtures,"
"fixture","C:\Users\drogh\projects\worldcup2026-hub\src\app\api\admin\sync\status\route.ts","57","countRows(""fixtures""),"
"fixture","C:\Users\drogh\projects\worldcup2026-hub\src\app\api\admin\sync\status\route.ts","81","fixtures,"
"fixture","C:\Users\drogh\projects\worldcup2026-hub\src\app\api\cron\fixtures-sync\route.ts","2","import { runFixturesSyncJob } from ""@/lib/sync/jobs"";"
"fixture","C:\Users\drogh\projects\worldcup2026-hub\src\app\api\cron\fixtures-sync\route.ts","7","jobName: ""fixtures-sync"","
"fixture","C:\Users\drogh\projects\worldcup2026-hub\src\app\api\cron\fixtures-sync\route.ts","8","job: runFixturesSyncJob,"
"sync","C:\Users\drogh\projects\worldcup2026-hub\src\app\api\admin\data-health\route.ts","6","} from ""@/lib/sync/cron-auth"";"
"sync","C:\Users\drogh\projects\worldcup2026-hub\src\app\api\admin\data-health\route.ts","66","async function getTableHealth("
"sync","C:\Users\drogh\projects\worldcup2026-hub\src\app\api\admin\data-health\route.ts","142","async function getLatestSyncLogs("
"sync","C:\Users\drogh\projects\worldcup2026-hub\src\app\api\admin\data-health\route.ts","146",".from(""api_sync_logs"")"
"sync","C:\Users\drogh\projects\worldcup2026-hub\src\app\api\admin\data-health\route.ts","158","async function getRecentProblemLogs("
"sync","C:\Users\drogh\projects\worldcup2026-hub\src\app\api\admin\data-health\route.ts","162",".from(""api_sync_logs"")"
"sync","C:\Users\drogh\projects\worldcup2026-hub\src\app\api\admin\data-health\route.ts","175","async function getTodaySyncTotals("
"sync","C:\Users\drogh\projects\worldcup2026-hub\src\app\api\admin\data-health\route.ts","182",".from(""api_sync_logs"")"
"sync","C:\Users\drogh\projects\worldcup2026-hub\src\app\api\admin\data-health\route.ts","209","export async function GET(request: Request) {"
"sync","C:\Users\drogh\projects\worldcup2026-hub\src\app\api\admin\data-health\route.ts","220","latestColumn: ""last_synced_at"","
"sync","C:\Users\drogh\projects\worldcup2026-hub\src\app\api\admin\data-health\route.ts","225","latestColumn: ""last_synced_at"","
"sync","C:\Users\drogh\projects\worldcup2026-hub\src\app\api\admin\data-health\route.ts","230","latestColumn: ""last_synced_at"","
"sync","C:\Users\drogh\projects\worldcup2026-hub\src\app\api\admin\data-health\route.ts","235","latestColumn: ""last_synced_at"","
"sync","C:\Users\drogh\projects\worldcup2026-hub\src\app\api\admin\data-health\route.ts","240","latestColumn: ""last_synced_at"","
"sync","C:\Users\drogh\projects\worldcup2026-hub\src\app\api\admin\data-health\route.ts","244","tableName: ""api_sync_logs"","
"sync","C:\Users\drogh\projects\worldcup2026-hub\src\app\api\admin\data-health\route.ts","260","latestColumn: ""last_synced_at"","
"sync","C:\Users\drogh\projects\worldcup2026-hub\src\app\api\admin\data-health\route.ts","265","latestColumn: ""last_synced_at"","
"sync","C:\Users\drogh\projects\worldcup2026-hub\src\app\api\admin\data-health\route.ts","270","latestColumn: ""last_synced_at"","
"sync","C:\Users\drogh\projects\worldcup2026-hub\src\app\api\admin\data-health\route.ts","275","const [latestSyncLogs, recentProblemLogs, todayTotals, tableSummary] ="
"sync","C:\Users\drogh\projects\worldcup2026-hub\src\app\api\admin\data-health\route.ts","277","getLatestSyncLogs(supabase),"
"sync","C:\Users\drogh\projects\worldcup2026-hub\src\app\api\admin\data-health\route.ts","279","getTodaySyncTotals(supabase),"
"sync","C:\Users\drogh\projects\worldcup2026-hub\src\app\api\admin\data-health\route.ts","306","latestSyncLogs,"
"sync","C:\Users\drogh\projects\worldcup2026-hub\src\app\api\admin\launch-audit\route.ts","8","const expected = process.env.SYNC_SECRET;"
"sync","C:\Users\drogh\projects\worldcup2026-hub\src\app\api\admin\launch-audit\route.ts","12","return request.headers.get(""x-sync-secret"") === expected;"
"sync","C:\Users\drogh\projects\worldcup2026-hub\src\app\api\admin\launch-audit\route.ts","15","async function countRows(tableName: string) {"
"sync","C:\Users\drogh\projects\worldcup2026-hub\src\app\api\admin\launch-audit\route.ts","37","export async function GET(request: NextRequest) {"
"sync","C:\Users\drogh\projects\worldcup2026-hub\src\app\api\admin\launch-audit\route.ts","59","syncLogs,"
"sync","C:\Users\drogh\projects\worldcup2026-hub\src\app\api\admin\launch-audit\route.ts","69","countRows(""api_sync_logs""),"
"sync","C:\Users\drogh\projects\worldcup2026-hub\src\app\api\admin\launch-audit\route.ts","73",".from(""api_sync_logs"")"
"sync","C:\Users\drogh\projects\worldcup2026-hub\src\app\api\admin\launch-audit\route.ts","85","syncSecret: Boolean(process.env.SYNC_SECRET),"
"sync","C:\Users\drogh\projects\worldcup2026-hub\src\app\api\admin\launch-audit\route.ts","97","syncLogs,"
"sync","C:\Users\drogh\projects\worldcup2026-hub\src\app\api\admin\launch-audit\route.ts","105","!checks.env.syncSecret,"
"sync","C:\Users\drogh\projects\worldcup2026-hub\src\app\api\admin\launch-audit\route.ts","108","!syncLogs.ok,"
"sync","C:\Users\drogh\projects\worldcup2026-hub\src\app\api\admin\sanity\fixture-slugs\route.ts","9","const expectedSecret = process.env.SYNC_SECRET;"
"sync","C:\Users\drogh\projects\worldcup2026-hub\src\app\api\admin\sanity\fixture-slugs\route.ts","10","const providedSecret = request.headers.get(""x-sync-secret"");"
"sync","C:\Users\drogh\projects\worldcup2026-hub\src\app\api\admin\sanity\fixture-slugs\route.ts","19","export async function GET(request: NextRequest) {"
"sync","C:\Users\drogh\projects\worldcup2026-hub\src\app\api\admin\sync\route.ts","2","import { runSync } from ""@/lib/sync"";"
"sync","C:\Users\drogh\projects\worldcup2026-hub\src\app\api\admin\sync\route.ts","3","import { getErrorMessage } from ""@/lib/sync/logs"";"
"sync","C:\Users\drogh\projects\worldcup2026-hub\src\app\api\admin\sync\route.ts","4","import type { SyncScope } from ""@/lib/sync/types"";"
"sync","C:\Users\drogh\projects\worldcup2026-hub\src\app\api\admin\sync\route.ts","9","const allowedScopes: SyncScope[] = [""teams"", ""fixtures"", ""standings"", ""all""];"
"sync","C:\Users\drogh\projects\worldcup2026-hub\src\app\api\admin\sync\route.ts","12","const expectedSecret = process.env.SYNC_SECRET;"
"sync","C:\Users\drogh\projects\worldcup2026-hub\src\app\api\admin\sync\route.ts","13","const providedSecret = request.headers.get(""x-sync-secret"");"
"sync","C:\Users\drogh\projects\worldcup2026-hub\src\app\api\admin\sync\route.ts","22","function getScope(request: NextRequest): SyncScope {"
"sync","C:\Users\drogh\projects\worldcup2026-hub\src\app\api\admin\sync\route.ts","25","if (allowedScopes.includes(rawScope as SyncScope)) {"
"sync","C:\Users\drogh\projects\worldcup2026-hub\src\app\api\admin\sync\route.ts","26","return rawScope as SyncScope;"
"sync","C:\Users\drogh\projects\worldcup2026-hub\src\app\api\admin\sync\route.ts","32","export async function POST(request: NextRequest) {"
"sync","C:\Users\drogh\projects\worldcup2026-hub\src\app\api\admin\sync\route.ts","48","const results = await runSync(scope);"
"sync","C:\Users\drogh\projects\worldcup2026-hub\src\app\api\admin\sync\status\route.ts","8","const expectedSecret = process.env.SYNC_SECRET;"
"sync","C:\Users\drogh\projects\worldcup2026-hub\src\app\api\admin\sync\status\route.ts","9","const providedSecret = request.headers.get(""x-sync-secret"");"
"sync","C:\Users\drogh\projects\worldcup2026-hub\src\app\api\admin\sync\status\route.ts","18","async function countRows(tableName: string) {"
"sync","C:\Users\drogh\projects\worldcup2026-hub\src\app\api\admin\sync\status\route.ts","32","export async function GET(request: NextRequest) {"
"sync","C:\Users\drogh\projects\worldcup2026-hub\src\app\api\admin\sync\status\route.ts","54","syncLogs,"
"sync","C:\Users\drogh\projects\worldcup2026-hub\src\app\api\admin\sync\status\route.ts","62","countRows(""api_sync_logs""),"
"sync","C:\Users\drogh\projects\worldcup2026-hub\src\app\api\admin\sync\status\route.ts","66",".from(""api_sync_logs"")"
"sync","C:\Users\drogh\projects\worldcup2026-hub\src\app\api\admin\sync\status\route.ts","74","throw new Error(`Failed to load latest sync logs: ${logsError.message}`);"
"sync","C:\Users\drogh\projects\worldcup2026-hub\src\app\api\admin\sync\status\route.ts","86","syncLogs,"
"sync","C:\Users\drogh\projects\worldcup2026-hub\src\app\api\community\polls\[pollId]\vote\route.ts","19","export async function POST(request: NextRequest, { params }: VoteRouteProps) {"
"sync","C:\Users\drogh\projects\worldcup2026-hub\src\app\api\community\subscribe\route.ts","11","export async function POST(request: NextRequest) {"
"sync","C:\Users\drogh\projects\worldcup2026-hub\src\app\api\cron\bootstrap-sync\route.ts","1","import { createCronRoute } from ""@/lib/sync/create-cron-route"";"
"sync","C:\Users\drogh\projects\worldcup2026-hub\src\app\api\cron\bootstrap-sync\route.ts","2","import { runBootstrapSyncJob } from ""@/lib/sync/jobs"";"
"sync","C:\Users\drogh\projects\worldcup2026-hub\src\app\api\cron\bootstrap-sync\route.ts","7","jobName: ""bootstrap-sync"","
"sync","C:\Users\drogh\projects\worldcup2026-hub\src\app\api\cron\bootstrap-sync\route.ts","8","job: runBootstrapSyncJob,"
"sync","C:\Users\drogh\projects\worldcup2026-hub\src\app\api\cron\enrichment-sync\route.ts","1","import { createCronRoute } from ""@/lib/sync/create-cron-route"";"
"sync","C:\Users\drogh\projects\worldcup2026-hub\src\app\api\cron\enrichment-sync\route.ts","2","import { runEnrichmentSyncJob } from ""@/lib/sync/jobs"";"
"sync","C:\Users\drogh\projects\worldcup2026-hub\src\app\api\cron\enrichment-sync\route.ts","7","jobName: ""enrichment-sync"","
"sync","C:\Users\drogh\projects\worldcup2026-hub\src\app\api\cron\enrichment-sync\route.ts","8","job: runEnrichmentSyncJob,"
"sync","C:\Users\drogh\projects\worldcup2026-hub\src\app\api\cron\finalization-sync\route.ts","1","import { createCronRoute } from ""@/lib/sync/create-cron-route"";"
"sync","C:\Users\drogh\projects\worldcup2026-hub\src\app\api\cron\finalization-sync\route.ts","2","import { runFinalizationSyncJob } from ""@/lib/sync/jobs"";"
"sync","C:\Users\drogh\projects\worldcup2026-hub\src\app\api\cron\finalization-sync\route.ts","7","jobName: ""finalization-sync"","
"sync","C:\Users\drogh\projects\worldcup2026-hub\src\app\api\cron\finalization-sync\route.ts","8","job: runFinalizationSyncJob,"
"sync","C:\Users\drogh\projects\worldcup2026-hub\src\app\api\cron\fixtures-sync\route.ts","1","import { createCronRoute } from ""@/lib/sync/create-cron-route"";"
"sync","C:\Users\drogh\projects\worldcup2026-hub\src\app\api\cron\fixtures-sync\route.ts","2","import { runFixturesSyncJob } from ""@/lib/sync/jobs"";"
"sync","C:\Users\drogh\projects\worldcup2026-hub\src\app\api\cron\fixtures-sync\route.ts","7","jobName: ""fixtures-sync"","
"sync","C:\Users\drogh\projects\worldcup2026-hub\src\app\api\cron\fixtures-sync\route.ts","8","job: runFixturesSyncJob,"
"sync","C:\Users\drogh\projects\worldcup2026-hub\src\app\api\cron\full-sync\route.ts","1","import { createCronRoute } from ""@/lib/sync/create-cron-route"";"
"sync","C:\Users\drogh\projects\worldcup2026-hub\src\app\api\cron\full-sync\route.ts","2","import { runFullSyncJob } from ""@/lib/sync/jobs"";"
"sync","C:\Users\drogh\projects\worldcup2026-hub\src\app\api\cron\full-sync\route.ts","9","jobName: ""full-sync"","
"sync","C:\Users\drogh\projects\worldcup2026-hub\src\app\api\cron\full-sync\route.ts","10","job: runFullSyncJob,"
"sync","C:\Users\drogh\projects\worldcup2026-hub\src\app\api\cron\live-sync\route.ts","1","import { createCronRoute } from ""@/lib/sync/create-cron-route"";"
"sync","C:\Users\drogh\projects\worldcup2026-hub\src\app\api\cron\live-sync\route.ts","2","import { runLiveSyncJob } from ""@/lib/sync/jobs"";"
"sync","C:\Users\drogh\projects\worldcup2026-hub\src\app\api\cron\live-sync\route.ts","7","jobName: ""live-sync"","
"sync","C:\Users\drogh\projects\worldcup2026-hub\src\app\api\cron\live-sync\route.ts","8","job: runLiveSyncJob,"
"sync","C:\Users\drogh\projects\worldcup2026-hub\src\app\api\cron\match-context-sync-1\route.ts","1","import { createCronRoute } from ""@/lib/sync/create-cron-route"";"
"sync","C:\Users\drogh\projects\worldcup2026-hub\src\app\api\cron\match-context-sync-1\route.ts","2","import { runMatchContextSync1Job } from ""@/lib/sync/jobs"";"
"sync","C:\Users\drogh\projects\worldcup2026-hub\src\app\api\cron\match-context-sync-1\route.ts","9","jobName: ""match-context-sync-1"","
"sync","C:\Users\drogh\projects\worldcup2026-hub\src\app\api\cron\match-context-sync-1\route.ts","10","job: runMatchContextSync1Job,"
"sync","C:\Users\drogh\projects\worldcup2026-hub\src\app\api\cron\match-context-sync-2\route.ts","1","import { createCronRoute } from ""@/lib/sync/create-cron-route"";"
"sync","C:\Users\drogh\projects\worldcup2026-hub\src\app\api\cron\match-context-sync-2\route.ts","2","import { runMatchContextSync2Job } from ""@/lib/sync/jobs"";"
"sync","C:\Users\drogh\projects\worldcup2026-hub\src\app\api\cron\match-context-sync-2\route.ts","9","jobName: ""match-context-sync-2"","
"sync","C:\Users\drogh\projects\worldcup2026-hub\src\app\api\cron\match-context-sync-2\route.ts","10","job: runMatchContextSync2Job,"
"sync","C:\Users\drogh\projects\worldcup2026-hub\src\app\api\cron\match-context-sync-3\route.ts","1","import { createCronRoute } from ""@/lib/sync/create-cron-route"";"
"sync","C:\Users\drogh\projects\worldcup2026-hub\src\app\api\cron\match-context-sync-3\route.ts","2","import { runMatchContextSync3Job } from ""@/lib/sync/jobs"";"
"sync","C:\Users\drogh\projects\worldcup2026-hub\src\app\api\cron\match-context-sync-3\route.ts","9","jobName: ""match-context-sync-3"","
"sync","C:\Users\drogh\projects\worldcup2026-hub\src\app\api\cron\match-context-sync-3\route.ts","10","job: runMatchContextSync3Job,"
"sync","C:\Users\drogh\projects\worldcup2026-hub\src\app\api\cron\match-context-sync-4\route.ts","1","import { createCronRoute } from ""@/lib/sync/create-cron-route"";"
"sync","C:\Users\drogh\projects\worldcup2026-hub\src\app\api\cron\match-context-sync-4\route.ts","2","import { runMatchContextSync4Job } from ""@/lib/sync/jobs"";"
"sync","C:\Users\drogh\projects\worldcup2026-hub\src\app\api\cron\match-context-sync-4\route.ts","9","jobName: ""match-context-sync-4"","
"sync","C:\Users\drogh\projects\worldcup2026-hub\src\app\api\cron\match-context-sync-4\route.ts","10","job: runMatchContextSync4Job,"
"sync","C:\Users\drogh\projects\worldcup2026-hub\src\app\api\cron\match-context-sync-5\route.ts","1","import { createCronRoute } from ""@/lib/sync/create-cron-route"";"
"sync","C:\Users\drogh\projects\worldcup2026-hub\src\app\api\cron\match-context-sync-5\route.ts","2","import { runMatchContextSync5Job } from ""@/lib/sync/jobs"";"
"sync","C:\Users\drogh\projects\worldcup2026-hub\src\app\api\cron\match-context-sync-5\route.ts","9","jobName: ""match-context-sync-5"","
"sync","C:\Users\drogh\projects\worldcup2026-hub\src\app\api\cron\match-context-sync-5\route.ts","10","job: runMatchContextSync5Job,"
"sync","C:\Users\drogh\projects\worldcup2026-hub\src\app\api\cron\match-context-sync-6\route.ts","1","import { createCronRoute } from ""@/lib/sync/create-cron-route"";"
"sync","C:\Users\drogh\projects\worldcup2026-hub\src\app\api\cron\match-context-sync-6\route.ts","2","import { runMatchContextSync6Job } from ""@/lib/sync/jobs"";"
"sync","C:\Users\drogh\projects\worldcup2026-hub\src\app\api\cron\match-context-sync-6\route.ts","9","jobName: ""match-context-sync-6"","
"sync","C:\Users\drogh\projects\worldcup2026-hub\src\app\api\cron\match-context-sync-6\route.ts","10","job: runMatchContextSync6Job,"
"sync","C:\Users\drogh\projects\worldcup2026-hub\src\app\api\cron\matchday-data-sync-1\route.ts","1","import { createCronRoute } from ""@/lib/sync/create-cron-route"";"
"sync","C:\Users\drogh\projects\worldcup2026-hub\src\app\api\cron\matchday-data-sync-1\route.ts","2","import { runMatchdayDataSync1Job } from ""@/lib/sync/jobs"";"
"sync","C:\Users\drogh\projects\worldcup2026-hub\src\app\api\cron\matchday-data-sync-1\route.ts","9","jobName: ""matchday-data-sync-1"","
"sync","C:\Users\drogh\projects\worldcup2026-hub\src\app\api\cron\matchday-data-sync-1\route.ts","10","job: runMatchdayDataSync1Job,"
"sync","C:\Users\drogh\projects\worldcup2026-hub\src\app\api\cron\matchday-data-sync-2\route.ts","1","import { createCronRoute } from ""@/lib/sync/create-cron-route"";"
"sync","C:\Users\drogh\projects\worldcup2026-hub\src\app\api\cron\matchday-data-sync-2\route.ts","2","import { runMatchdayDataSync2Job } from ""@/lib/sync/jobs"";"
"sync","C:\Users\drogh\projects\worldcup2026-hub\src\app\api\cron\matchday-data-sync-2\route.ts","9","jobName: ""matchday-data-sync-2"","
"sync","C:\Users\drogh\projects\worldcup2026-hub\src\app\api\cron\matchday-data-sync-2\route.ts","10","job: runMatchdayDataSync2Job,"
"sync","C:\Users\drogh\projects\worldcup2026-hub\src\app\api\cron\matchday-data-sync-3\route.ts","1","import { createCronRoute } from ""@/lib/sync/create-cron-route"";"
"sync","C:\Users\drogh\projects\worldcup2026-hub\src\app\api\cron\matchday-data-sync-3\route.ts","2","import { runMatchdayDataSync3Job } from ""@/lib/sync/jobs"";"
"sync","C:\Users\drogh\projects\worldcup2026-hub\src\app\api\cron\matchday-data-sync-3\route.ts","9","jobName: ""matchday-data-sync-3"","
"sync","C:\Users\drogh\projects\worldcup2026-hub\src\app\api\cron\matchday-data-sync-3\route.ts","10","job: runMatchdayDataSync3Job,"
"sync","C:\Users\drogh\projects\worldcup2026-hub\src\app\api\cron\matchday-data-sync-4\route.ts","1","import { createCronRoute } from ""@/lib/sync/create-cron-route"";"
"sync","C:\Users\drogh\projects\worldcup2026-hub\src\app\api\cron\matchday-data-sync-4\route.ts","2","import { runMatchdayDataSync4Job } from ""@/lib/sync/jobs"";"
"sync","C:\Users\drogh\projects\worldcup2026-hub\src\app\api\cron\matchday-data-sync-4\route.ts","9","jobName: ""matchday-data-sync-4"","
"sync","C:\Users\drogh\projects\worldcup2026-hub\src\app\api\cron\matchday-data-sync-4\route.ts","10","job: runMatchdayDataSync4Job,"
"sync","C:\Users\drogh\projects\worldcup2026-hub\src\app\api\cron\matchday-data-sync-5\route.ts","1","import { createCronRoute } from ""@/lib/sync/create-cron-route"";"
"sync","C:\Users\drogh\projects\worldcup2026-hub\src\app\api\cron\matchday-data-sync-5\route.ts","2","import { runMatchdayDataSync5Job } from ""@/lib/sync/jobs"";"
"sync","C:\Users\drogh\projects\worldcup2026-hub\src\app\api\cron\matchday-data-sync-5\route.ts","9","jobName: ""matchday-data-sync-5"","
"sync","C:\Users\drogh\projects\worldcup2026-hub\src\app\api\cron\matchday-data-sync-5\route.ts","10","job: runMatchdayDataSync5Job,"
"sync","C:\Users\drogh\projects\worldcup2026-hub\src\app\api\cron\matchday-data-sync-6\route.ts","1","import { createCronRoute } from ""@/lib/sync/create-cron-route"";"
"sync","C:\Users\drogh\projects\worldcup2026-hub\src\app\api\cron\matchday-data-sync-6\route.ts","2","import { runMatchdayDataSync6Job } from ""@/lib/sync/jobs"";"
"sync","C:\Users\drogh\projects\worldcup2026-hub\src\app\api\cron\matchday-data-sync-6\route.ts","9","jobName: ""matchday-data-sync-6"","
"sync","C:\Users\drogh\projects\worldcup2026-hub\src\app\api\cron\matchday-data-sync-6\route.ts","10","job: runMatchdayDataSync6Job,"
"sync","C:\Users\drogh\projects\worldcup2026-hub\src\app\api\cron\missing-data-backfill\route.ts","1","import { createCronRoute } from ""@/lib/sync/create-cron-route"";"
"sync","C:\Users\drogh\projects\worldcup2026-hub\src\app\api\cron\missing-data-backfill\route.ts","2","import { runMissingDataBackfillJob } from ""@/lib/sync/jobs"";"
"sync","C:\Users\drogh\projects\worldcup2026-hub\src\app\api\cron\standings-sync\route.ts","1","import { createCronRoute } from ""@/lib/sync/create-cron-route"";"
"sync","C:\Users\drogh\projects\worldcup2026-hub\src\app\api\cron\standings-sync\route.ts","2","import { runStandingsSyncJob } from ""@/lib/sync/jobs"";"
"sync","C:\Users\drogh\projects\worldcup2026-hub\src\app\api\cron\standings-sync\route.ts","7","jobName: ""standings-sync"","
"sync","C:\Users\drogh\projects\worldcup2026-hub\src\app\api\cron\standings-sync\route.ts","8","job: runStandingsSyncJob,"
"sync","C:\Users\drogh\projects\worldcup2026-hub\src\app\api\cron\team-squads-sync-1\route.ts","1","import { createCronRoute } from ""@/lib/sync/create-cron-route"";"
"sync","C:\Users\drogh\projects\worldcup2026-hub\src\app\api\cron\team-squads-sync-1\route.ts","2","import { runTeamSquadsSync1Job } from ""@/lib/sync/jobs"";"
"sync","C:\Users\drogh\projects\worldcup2026-hub\src\app\api\cron\team-squads-sync-1\route.ts","9","jobName: ""team-squads-sync-1"","
"sync","C:\Users\drogh\projects\worldcup2026-hub\src\app\api\cron\team-squads-sync-1\route.ts","10","job: runTeamSquadsSync1Job,"
"sync","C:\Users\drogh\projects\worldcup2026-hub\src\app\api\cron\team-squads-sync-2\route.ts","1","import { createCronRoute } from ""@/lib/sync/create-cron-route"";"
"sync","C:\Users\drogh\projects\worldcup2026-hub\src\app\api\cron\team-squads-sync-2\route.ts","2","import { runTeamSquadsSync2Job } from ""@/lib/sync/jobs"";"
"sync","C:\Users\drogh\projects\worldcup2026-hub\src\app\api\cron\team-squads-sync-2\route.ts","9","jobName: ""team-squads-sync-2"","
"sync","C:\Users\drogh\projects\worldcup2026-hub\src\app\api\cron\team-squads-sync-2\route.ts","10","job: runTeamSquadsSync2Job,"
"sync","C:\Users\drogh\projects\worldcup2026-hub\src\app\api\cron\team-squads-sync-3\route.ts","1","import { createCronRoute } from ""@/lib/sync/create-cron-route"";"
"sync","C:\Users\drogh\projects\worldcup2026-hub\src\app\api\cron\team-squads-sync-3\route.ts","2","import { runTeamSquadsSync3Job } from ""@/lib/sync/jobs"";"
"sync","C:\Users\drogh\projects\worldcup2026-hub\src\app\api\cron\team-squads-sync-3\route.ts","9","jobName: ""team-squads-sync-3"","
"sync","C:\Users\drogh\projects\worldcup2026-hub\src\app\api\cron\team-squads-sync-3\route.ts","10","job: runTeamSquadsSync3Job,"
"sync","C:\Users\drogh\projects\worldcup2026-hub\src\app\api\cron\team-squads-sync-4\route.ts","1","import { createCronRoute } from ""@/lib/sync/create-cron-route"";"
"sync","C:\Users\drogh\projects\worldcup2026-hub\src\app\api\cron\team-squads-sync-4\route.ts","2","import { runTeamSquadsSync4Job } from ""@/lib/sync/jobs"";"
"sync","C:\Users\drogh\projects\worldcup2026-hub\src\app\api\cron\team-squads-sync-4\route.ts","9","jobName: ""team-squads-sync-4"","
"sync","C:\Users\drogh\projects\worldcup2026-hub\src\app\api\cron\team-squads-sync-4\route.ts","10","job: runTeamSquadsSync4Job,"
"sync","C:\Users\drogh\projects\worldcup2026-hub\src\app\api\cron\teams-sync\route.ts","1","import { createCronRoute } from ""@/lib/sync/create-cron-route"";"
"sync","C:\Users\drogh\projects\worldcup2026-hub\src\app\api\cron\teams-sync\route.ts","2","import { runTeamsSyncJob } from ""@/lib/sync/jobs"";"
"sync","C:\Users\drogh\projects\worldcup2026-hub\src\app\api\cron\teams-sync\route.ts","7","jobName: ""teams-sync"","
"sync","C:\Users\drogh\projects\worldcup2026-hub\src\app\api\cron\teams-sync\route.ts","8","job: runTeamsSyncJob,"
"sync","C:\Users\drogh\projects\worldcup2026-hub\src\app\api\cron\top-stats-sync\route.ts","1","import { createCronRoute } from ""@/lib/sync/create-cron-route"";"
"sync","C:\Users\drogh\projects\worldcup2026-hub\src\app\api\cron\top-stats-sync\route.ts","2","import { runTopStatsSyncJob } from ""@/lib/sync/jobs"";"
"sync","C:\Users\drogh\projects\worldcup2026-hub\src\app\api\cron\top-stats-sync\route.ts","9","jobName: ""top-stats-sync"","
"sync","C:\Users\drogh\projects\worldcup2026-hub\src\app\api\cron\top-stats-sync\route.ts","10","job: runTopStatsSyncJob,"
"sync","C:\Users\drogh\projects\worldcup2026-hub\src\app\api\health\route.ts","3","export async function GET() {"
"sync","C:\Users\drogh\projects\worldcup2026-hub\src\app\api\health\route.ts","22","syncSecret: Boolean(process.env.SYNC_SECRET),"
"log","C:\Users\drogh\projects\worldcup2026-hub\src\app\api\admin\data-health\route.ts","142","async function getLatestSyncLogs("
"log","C:\Users\drogh\projects\worldcup2026-hub\src\app\api\admin\data-health\route.ts","146",".from(""api_sync_logs"")"
"log","C:\Users\drogh\projects\worldcup2026-hub\src\app\api\admin\data-health\route.ts","158","async function getRecentProblemLogs("
"log","C:\Users\drogh\projects\worldcup2026-hub\src\app\api\admin\data-health\route.ts","162",".from(""api_sync_logs"")"
"log","C:\Users\drogh\projects\worldcup2026-hub\src\app\api\admin\data-health\route.ts","182",".from(""api_sync_logs"")"
"log","C:\Users\drogh\projects\worldcup2026-hub\src\app\api\admin\data-health\route.ts","244","tableName: ""api_sync_logs"","
"log","C:\Users\drogh\projects\worldcup2026-hub\src\app\api\admin\data-health\route.ts","275","const [latestSyncLogs, recentProblemLogs, todayTotals, tableSummary] ="
"log","C:\Users\drogh\projects\worldcup2026-hub\src\app\api\admin\data-health\route.ts","277","getLatestSyncLogs(supabase),"
"log","C:\Users\drogh\projects\worldcup2026-hub\src\app\api\admin\data-health\route.ts","278","getRecentProblemLogs(supabase),"
"log","C:\Users\drogh\projects\worldcup2026-hub\src\app\api\admin\data-health\route.ts","306","latestSyncLogs,"
"log","C:\Users\drogh\projects\worldcup2026-hub\src\app\api\admin\data-health\route.ts","307","recentProblemLogs,"
"log","C:\Users\drogh\projects\worldcup2026-hub\src\app\api\admin\launch-audit\route.ts","54","blogPosts,"
"log","C:\Users\drogh\projects\worldcup2026-hub\src\app\api\admin\launch-audit\route.ts","59","syncLogs,"
"log","C:\Users\drogh\projects\worldcup2026-hub\src\app\api\admin\launch-audit\route.ts","64","countRows(""blog_posts""),"
"log","C:\Users\drogh\projects\worldcup2026-hub\src\app\api\admin\launch-audit\route.ts","69","countRows(""api_sync_logs""),"
"log","C:\Users\drogh\projects\worldcup2026-hub\src\app\api\admin\launch-audit\route.ts","72","const { data: latestLogs } = await supabase"
"log","C:\Users\drogh\projects\worldcup2026-hub\src\app\api\admin\launch-audit\route.ts","73",".from(""api_sync_logs"")"
"log","C:\Users\drogh\projects\worldcup2026-hub\src\app\api\admin\launch-audit\route.ts","92","blogPosts,"
"log","C:\Users\drogh\projects\worldcup2026-hub\src\app\api\admin\launch-audit\route.ts","97","syncLogs,"
"log","C:\Users\drogh\projects\worldcup2026-hub\src\app\api\admin\launch-audit\route.ts","99","latestLogs: latestLogs ?? [],"
"log","C:\Users\drogh\projects\worldcup2026-hub\src\app\api\admin\launch-audit\route.ts","108","!syncLogs.ok,"
"log","C:\Users\drogh\projects\worldcup2026-hub\src\app\api\admin\sync\route.ts","3","import { getErrorMessage } from ""@/lib/sync/logs"";"
"log","C:\Users\drogh\projects\worldcup2026-hub\src\app\api\admin\sync\status\route.ts","54","syncLogs,"
"log","C:\Users\drogh\projects\worldcup2026-hub\src\app\api\admin\sync\status\route.ts","62","countRows(""api_sync_logs""),"
"log","C:\Users\drogh\projects\worldcup2026-hub\src\app\api\admin\sync\status\route.ts","65","const { data: latestLogs, error: logsError } = await supabase"
"log","C:\Users\drogh\projects\worldcup2026-hub\src\app\api\admin\sync\status\route.ts","66",".from(""api_sync_logs"")"
"log","C:\Users\drogh\projects\worldcup2026-hub\src\app\api\admin\sync\status\route.ts","73","if (logsError) {"
"log","C:\Users\drogh\projects\worldcup2026-hub\src\app\api\admin\sync\status\route.ts","74","throw new Error(`Failed to load latest sync logs: ${logsError.message}`);"
"log","C:\Users\drogh\projects\worldcup2026-hub\src\app\api\admin\sync\status\route.ts","86","syncLogs,"
"log","C:\Users\drogh\projects\worldcup2026-hub\src\app\api\admin\sync\status\route.ts","88","latestLogs,"
